Дата;ТС;ДтЛ;ДтЕ;ДтЗ;95;92;80
26.07.2013;36875;38403;0;0;38938;37778;34237
29.07.2013;37443;38522;0;0;0;37778;34237
30.07.2013;38043;38687;0;0;42055;38117;34237
31.07.2013;38140;38382;0;0;40247;39248;34337
01.08.2013;37765;37982;0;0;0;39438;34887
02.08.2013;39075;37982;0;0;0;39438;34888
05.08.2013;39075;37982;0;0;0;39437;34887
06.08.2013;39355;37982;0;0;42755;39737;0
07.08.2013;39075;37982;0;0;0;40087;34887
08.08.2013;39365;38334;0;0;0;40865;34887
09.08.2013;40490;38382;0;0;0;40107;34887
12.08.2013;40972;38382;0;0;45655;40137;0
13.08.2013;39265;38382;0;0;45055;40137;0
14.08.2013;39265;38382;0;0;40737;40137;34887
15.08.2013;39140;38382;0;0;44655;40137;34887
16.08.2013;39065;38382;0;0;41537;42055;0
19.08.2013;38865;38382;0;0;41537;39737;0
20.08.2013;39190;38382;0;0;44668;39737;0
21.08.2013;38265;38388;0;0;45012;39737;34337
22.08.2013;38165;38715;0;0;45098;39737;0
23.08.2013;38165;38903;0;0;42068;39839;0
26.08.2013;38165;38782;0;0;0;40144;34337
27.08.2013;38466;38827;0;0;42408;40238;34337
28.08.2013;38641;38894;0;0;42737;39737;0
29.08.2013;41240;39113;0;0;42807;42405;0
30.08.2013;41340;39122;0;0;47198;42570;34337
02.09.2013;39065;39103;0;0;0;39737;34337
03.09.2013;39065;39103;0;0;46555;39737;0
04.09.2013;39366;39103;0;0;42807;39737;0
05.09.2013;39565;39103;0;0;46555;39737;38399
06.09.2013;42190;39103;0;0;42838;39737;38899
09.09.2013;42190;39103;0;0;46555;39842;39399
10.09.2013;42303;39105;0;0;46716;39988;39599
11.09.2013;40865;38903;0;0;42837;40217;39599
12.09.2013;41515;38903;0;0;46455;40227;39699
13.09.2013;41515;38482;0;0;42837;40248;35037
16.09.2013;41515;37982;0;0;46455;40287;35037
17.09.2013;43140;37982;0;0;42837;42655;35137
18.09.2013;41515;38003;0;0;42837;40287;34937
19.09.2013;41515;38003;0;0;42837;40137;34937
20.09.2013;43540;38109;0;0;45899;41355;34837
23.09.2013;41515;38153;42082;0;45355;40237;40199
24.09.2013;43640;37903;0;0;45255;39737;34537
25.09.2013;43640;37703;41882;39808;46099;39537;34337
26.09.2013;41515;37403;0;42040;42637;40955;0
27.09.2013;41515;38382;0;44692;44855;39137;34237
30.09.2013;41515;37403;0;42703;0;39137;34337
01.10.2013;42590;37403;0;42403;42637;39037;34337
02.10.2013;42743;37403;0;42403;45355;39037;34337
03.10.2013;42840;37403;40490;42403;45566;38937;34395
04.10.2013;42840;37403;41196;42406;42823;38937;34493
07.10.2013;42947;37203;40982;42573;42937;38937;34587
08.10.2013;42565;36703;40482;42604;45399;38937;0
09.10.2013;42765;36303;40082;42603;42937;38937;34587
10.10.2013;43065;36103;40082;42603;45499;38987;0
11.10.2013;43740;35903;39982;42603;42937;41155;0
14.10.2013;44044;35703;39982;42603;42937;38937;0
15.10.2013;44122;35703;39782;42603;45399;39008;0
16.10.2013;44140;35303;39782;42610;42937;39107;0
17.10.2013;44140;35103;39782;42642;45499;39237;0
18.10.2013;44140;34703;39382;43132;42937;39387;0
21.10.2013;44140;34803;0;43109;45105;39455;34888
22.10.2013;44140;38860;39382;43132;42937;39455;0
23.10.2013;44140;38910;39382;43143;44655;39455;36338
24.10.2013;40227;39610;39382;43103;42937;39455;0
25.10.2013;40733;39510;39392;43203;44499;39355;37237
28.10.2013;40852;39110;39532;43203;44199;38865;37237
29.10.2013;40852;39110;39986;44732;42837;38655;36837
30.10.2013;40978;39160;40382;43554;42737;38655;36737
31.10.2013;40978;39210;40382;43563;44255;38655;0
01.11.2013;41327;39210;40382;44326;44255;38655;36237
05.11.2013;41327;39210;0;44323;44255;38655;36237
06.11.2013;41327;39260;40382;44323;42537;38655;36237
07.11.2013;44540;39310;40382;44323;42537;38655;39399
08.11.2013;44562;38710;40382;44323;42537;38655;36237
11.11.2013;44642;38910;39782;44403;42739;38655;36237
12.11.2013;44892;38910;38982;44606;42737;38655;39700
13.11.2013;44840;38910;38782;44603;42742;38655;35737
14.11.2013;44956;39010;38782;44603;42999;38655;35737
15.11.2013;44988;37910;38682;44603;43299;38355;35237
18.11.2013;41427;37510;38282;0;42838;38355;35237
19.11.2013;41427;37510;37782;45282;42799;38155;38399
20.11.2013;41528;37860;37482;43903;42699;38137;34937
21.11.2013;41528;37610;37482;43903;42599;37355;34737
22.11.2013;41528;37610;37482;43703;42114;37355;36999
25.11.2013;41529;37710;37482;43703;41555;36855;36999
26.11.2013;41529;37710;37482;43903;41499;36355;34737
27.11.2013;41529;37810;37482;44063;40710;36355;36799
28.11.2013;41628;37810;37482;44003;40755;35855;36799
29.11.2013;41628;37813;37482;44003;40355;35855;34537
02.12.2013;40350;34109;37482;44003;39667;34667;36999
03.12.2013;40975;34109;37482;44003;39667;34667;36999
04.12.2013;41751;34109;37650;44003;39667;34700;34037
05.12.2013;41837;34109;37682;44003;39705;35048;34037
06.12.2013;41978;34109;37682;44111;39767;35567;34037
09.12.2013;45140;34109;37682;36082;40255;36255;37199
10.12.2013;42029;34109;37693;44153;39667;35167;37199
11.12.2013;41670;34109;37732;43882;39667;35167;37199
12.12.2013;42088;34109;37732;43109;39667;35167;36899
13.12.2013;42088;34109;37732;42609;39667;35167;34037
16.12.2013;41450;34109;0;42309;39667;35167;33737
17.12.2013;40350;34109;37732;41782;39467;35167;33737
18.12.2013;40451;34109;37732;41782;39467;35167;36499
19.12.2013;40505;34109;37482;41782;40355;35167;33737
20.12.2013;40511;34109;37482;41282;38667;35167;36499
23.12.2013;40150;34109;37482;41182;38867;35167;33737
24.12.2013;39750;34159;37482;40882;38867;35172;33737
25.12.2013;39250;34209;37482;41182;38867;35404;33737
26.12.2013;39150;34209;37482;41109;38867;35167;36599
27.12.2013;39150;34209;37482;41109;38867;35167;36499
13.01.2014;41970;36010;37482;41832;39555;36055;33437
14.01.2014;40427;36110;37482;42103;39555;36537;33437
15.01.2014;39927;36710;37484;42103;39705;36887;33437
16.01.2014;39927;36910;37632;42103;39705;37038;33437
17.01.2014;38877;38010;37632;42882;39855;37187;33437
20.01.2014;38877;37510;37932;41703;40160;37971;33437
21.01.2014;38877;37510;38083;42882;40337;37837;33537
22.01.2014;38227;37910;38082;40703;40447;38287;33537
23.01.2014;38227;36710;0;40703;40487;38637;38049
24.01.2014;37627;36960;37782;40703;40487;38399;33887
27.01.2014;41365;36510;37782;40703;40399;38355;34237
28.01.2014;42440;36710;37782;40703;40399;38637;34477
29.01.2014;41666;36810;37902;40703;40587;38637;34863
30.01.2014;38432;37010;37982;40703;40855;38637;34857
31.01.2014;40040;37513;38244;41059;40855;38637;34867
03.02.2014;38432;37710;38383;41063;40746;38910;34867
04.02.2014;38432;38810;38992;41063;41205;38907;34867
05.02.2014;38432;38010;39088;41063;41465;39537;34937
06.02.2014;39590;38010;39107;40803;41097;39607;35637
07.02.2014;38432;38210;39107;40803;41649;39607;36359
10.02.2014;38640;38210;39107;40403;41655;39607;0
11.02.2014;37540;38210;39131;40403;41097;39609;0
12.02.2014;37040;38210;39232;40882;41756;39611;0
13.02.2014;37140;38410;39232;40203;41755;40155;0
14.02.2014;37240;38560;39232;40382;41755;40205;35037
17.02.2014;37440;39310;39334;40082;42010;40325;35037
18.02.2014;37540;39510;39786;40082;41787;40665;35037
19.02.2014;37540;39510;39884;40182;42399;41137;35037
20.02.2014;37040;39460;39882;40282;42587;41337;35337
21.02.2014;37140;39110;39991;40282;42699;41455;35337
24.02.2014;37040;38610;39682;40282;42549;41155;35337
25.02.2014;36940;39210;39582;39703;42005;41265;35737
26.02.2014;36040;39460;39582;39403;42005;41355;35737
27.02.2014;35840;39910;39582;39403;42155;41405;0
28.02.2014;35740;39203;39582;39403;42255;41462;0
03.03.2014;35241;40110;40143;39403;42655;41767;35737
04.03.2014;35240;39603;40142;39603;43155;41855;35737
05.03.2014;35140;40360;40182;39803;43155;42387;0
06.03.2014;34990;40310;40182;40282;43155;42387;35737
07.03.2014;34740;39970;39982;39703;43555;42405;0
11.03.2014;34740;39960;39782;39703;43555;42405;35437
12.03.2014;34427;39960;39782;39703;43555;42449;0
13.03.2014;33927;40310;39682;39703;43699;42305;35437
14.03.2014;33927;40510;39882;39582;43155;42155;0
17.03.2014;35740;39911;39682;39682;42999;41855;35437
18.03.2014;34127;39310;39582;39603;43000;41355;0
19.03.2014;36240;39310;39482;39603;42999;41355;0
20.03.2014;34227;39510;39582;39703;42655;41356;0
21.03.2014;34539;39610;39582;0;42555;41605;0
24.03.2014;34540;39710;39682;39882;42655;41855;0
25.03.2014;33651;39509;39732;40382;42967;42167;0
26.03.2014;33651;39609;39982;41142;42599;41467;40399
27.03.2014;33350;39660;40232;0;42155;41717;41099
28.03.2014;33050;40009;40282;0;42255;41967;40699
31.03.2014;32750;40009;40432;0;42255;42105;40699
01.04.2014;32750;40224;40682;0;42455;42167;40699
02.04.2014;32750;40509;40782;0;42605;41967;0
03.04.2014;32951;40810;40942;0;42605;42067;40399
04.04.2014;33201;40830;40982;0;42667;42217;40399
07.04.2014;33560;40810;40882;0;42867;42227;0
08.04.2014;33560;40882;0;0;43067;42327;0
09.04.2014;33721;40982;0;0;43327;42337;39899
10.04.2014;33900;40982;0;0;42967;42337;39999
11.04.2014;33627;40709;0;0;42617;41817;40099
14.04.2014;33277;40409;0;0;42467;41717;40299
15.04.2014;32927;39809;0;0;42467;41655;40699
16.04.2014;32427;39614;0;0;42567;41167;40699
17.04.2014;31950;39909;0;0;42467;41184;40999
18.04.2014;31800;39909;0;0;42467;41267;40999
21.04.2014;31351;39959;0;0;43099;41255;40899
22.04.2014;31351;40009;0;0;42067;41217;40399
23.04.2014;31351;40109;0;0;41867;41017;40399
24.04.2014;31351;39609;0;0;41867;40667;38537
25.04.2014;31350;39609;0;0;41667;40567;40499
28.04.2014;31350;39609;0;0;41667;40567;40199
29.04.2014;31350;39759;0;0;41767;40567;39999
30.04.2014;31350;39709;0;0;41867;40717;39799
05.05.2014;31350;39709;0;0;41967;40767;37137
06.05.2014;31477;39709;0;0;42167;41042;39799
07.05.2014;31478;39709;0;0;42267;41217;39799
08.05.2014;31577;39709;0;0;42367;41267;37137
12.05.2014;31577;39809;0;0;42467;41557;39799
13.05.2014;31627;39809;0;0;42517;41667;39899
14.05.2014;31987;39819;0;0;42867;41967;37137
15.05.2014;32828;40409;0;0;42667;41767;40099
16.05.2014;33527;40303;0;0;42667;41917;37137
19.05.2014;33627;40559;0;0;42317;41467;39399
20.05.2014;33627;40609;0;0;42317;41367;39699
21.05.2014;33632;40603;0;0;42367;41467;39699
22.05.2014;33634;40703;0;0;42427;41734;39899
23.05.2014;34046;40703;0;0;42567;41867;39899
26.05.2014;34046;40904;0;0;42667;42017;37137
27.05.2014;34046;40903;0;0;42767;42117;39899
28.05.2014;34650;40203;0;0;42767;42117;37137
29.05.2014;34950;40213;0;0;42867;42117;40099
30.05.2014;34950;40808;0;0;43067;42117;37137
02.06.2014;34383;40503;0;0;43167;42137;39899
03.06.2014;34950;40803;0;0;43337;42167;39899
04.06.2014;35007;40803;0;0;43337;42167;36937
05.06.2014;35221;40803;0;0;43337;42167;40099
06.06.2014;35257;40813;0;0;43337;42337;40199
09.06.2014;35750;40803;0;0;43167;42067;40399
10.06.2014;36150;40803;0;0;43067;42067;40399
11.06.2014;36250;40609;0;0;43167;42167;40399
16.06.2014;36250;40903;0;0;43367;42371;36837
17.06.2014;36625;41238;0;0;43867;43288;40399
18.06.2014;37151;41343;0;0;44167;43477;36837
19.06.2014;38740;41413;0;0;44167;43537;41099
20.06.2014;39100;40953;0;0;45769;43857;41899
23.06.2014;39640;41603;0;0;44437;43857;41899
24.06.2014;40166;41763;0;0;46067;43988;42399
25.06.2014;40650;41753;0;0;44337;44037;42399
26.06.2014;37277;41653;0;0;44337;44037;42499
27.06.2014;40640;41603;0;0;44337;43337;37237
30.06.2014;38627;41603;0;0;44867;43337;41699
01.07.2014;38627;41603;0;0;44437;43377;41899
02.07.2014;38627;41703;0;0;45667;43587;41999
03.07.2014;39080;41703;0;0;44437;43587;42199
04.07.2014;39107;41753;0;0;46167;43487;37237
07.07.2014;39347;41917;0;0;44437;43487;42299
08.07.2014;39453;41903;0;0;46767;43719;42299
09.07.2014;39947;41923;0;0;46767;43717;42399
10.07.2014;39451;41963;0;0;47568;43717;42799
11.07.2014;39450;42009;0;0;44437;44064;42799
14.07.2014;39450;41109;0;0;44687;44057;37237
15.07.2014;39250;41109;0;0;46567;43587;42799
16.07.2014;39350;41239;0;0;44688;43587;42799
17.07.2014;39350;41259;0;0;46567;43693;42899
18.07.2014;39150;41259;0;0;44687;43889;42899
21.07.2014;39350;41110;0;0;46667;44087;42699
22.07.2014;39350;41010;0;0;44692;44087;42699
23.07.2014;39750;41015;0;0;47027;44087;42699
24.07.2014;39550;40609;0;0;44839;44087;42899
25.07.2014;39450;40009;0;0;47117;44337;43099
28.07.2014;39250;40009;0;0;45527;44437;43299
29.07.2014;38950;40009;0;0;47567;44587;43199
30.07.2014;38450;39509;0;0;47567;44587;42999
31.07.2014;38600;39509;0;0;45637;44587;42899
01.08.2014;38800;39519;0;0;47567;45238;37507
04.08.2014;38850;39599;0;0;47567;45489;42799
05.08.2014;38800;39309;0;0;47138;45787;38937
06.08.2014;38800;38809;0;0;47067;45837;42917
07.08.2014;38550;38309;0;0;47067;45992;39837
08.08.2014;38300;37909;0;0;47787;46537;43270
11.08.2014;41240;37709;0;0;47967;46837;39837
12.08.2014;37750;37709;0;0;47967;47087;43499
13.08.2014;37350;37709;0;0;48167;46869;41637
14.08.2014;36750;37909;0;0;48217;46267;43299
15.08.2014;36350;37709;0;0;48247;46446;43199
18.08.2014;35950;37709;0;0;48227;46467;41537
19.08.2014;35750;37809;0;0;48237;46907;43102
20.08.2014;35750;37909;0;0;48237;46967;42999
21.08.2014;35950;37809;0;0;48318;47137;41537
22.08.2014;35950;37509;0;0;49299;47517;41537
25.08.2014;36000;37509;0;0;49499;48017;41537
26.08.2014;36627;37609;0;0;48538;47787;41237
27.08.2014;37057;37831;0;0;49499;48017;41237
28.08.2014;37328;38009;0;0;49604;48367;41337
29.08.2014;38027;38164;0;0;48537;47787;41337
01.09.2014;38149;38309;0;0;49199;48199;41337
02.09.2014;38609;38469;0;0;48537;48199;41387
03.09.2014;38629;38845;0;0;48999;48211;42703
04.09.2014;38629;38932;0;0;49200;48377;41387
05.09.2014;38629;39059;0;0;48537;48237;41137
08.09.2014;38629;39220;0;0;48540;48067;41137
09.09.2014;38127;39109;0;0;48788;48067;41137
10.09.2014;38250;38609;0;0;48317;47910;41239
11.09.2014;37527;38009;0;0;48367;47799;41487
12.09.2014;37527;37709;0;0;47867;47599;41487
15.09.2014;37027;37709;0;0;47867;47799;43609
16.09.2014;36950;37759;0;0;48167;47910;41517
17.09.2014;36600;37759;0;0;48167;47737;41517
18.09.2014;36450;37409;0;0;48167;47737;41587
19.09.2014;36680;36809;0;0;48172;47941;41602
22.09.2014;37150;36209;0;0;48399;48207;41602
23.09.2014;37050;35809;0;0;48500;47937;41597
24.09.2014;37050;35809;0;0;48499;47799;41617
25.09.2014;37250;35409;0;0;48707;47937;41987
26.09.2014;37430;35429;0;0;49299;48261;41987
29.09.2014;37950;35609;0;0;49654;47937;41987
30.09.2014;38777;35609;0;0;49649;48088;41987
01.10.2014;38938;35609;0;42519;50000;48244;41987
02.10.2014;39028;35659;0;42903;50511;48387;41987
03.10.2014;39317;35659;0;43106;50599;48537;42387
06.10.2014;39065;35659;0;43403;51450;48537;42387
07.10.2014;38465;35659;0;43573;51399;48707;42388
08.10.2014;37865;35659;0;43573;51500;48657;42387
09.10.2014;37965;35659;0;43603;51700;48737;42737
10.10.2014;38050;36029;0;43603;51799;48837;42837
13.10.2014;38050;36109;0;43603;51800;49107;42837
14.10.2014;38153;36117;0;43608;52277;49147;43247
15.10.2014;38200;36200;0;43813;52249;48737;43247
16.10.2014;37977;36239;0;43833;52149;48737;43247
17.10.2014;37815;36239;0;44203;52049;48737;45651
20.10.2014;37815;36239;0;44203;51949;47738;43247
21.10.2014;37865;36300;0;44203;52060;47737;45769
22.10.2014;37950;36769;0;44356;51999;47844;45669
23.10.2014;37550;37603;0;44009;51399;47995;45099
24.10.2014;36950;37881;0;43509;49268;47987;42737
27.10.2014;36727;37953;0;43009;49937;47987;42737
28.10.2014;36450;38105;0;43009;51468;48037;42737
29.10.2014;36450;38210;40252;43159;51167;46737;44899
30.10.2014;36250;37810;40652;43740;50367;46938;42937
31.10.2014;35950;37810;40652;43959;50367;46940;44805
05.11.2014;35950;37960;38909;43713;50375;46737;44850
06.11.2014;36050;38011;38009;43609;50418;46870;44849
07.11.2014;36050;37410;37609;42909;50767;46737;45109
10.11.2014;36050;37210;37109;42909;50500;46737;42154
12.11.2014;36051;36910;36809;42989;49599;46887;42487
13.11.2014;36600;36310;35809;42999;47899;46862;44699
14.11.2014;36365;36110;35609;42959;47399;46667;43899
17.11.2014;36365;36110;35309;42509;46899;45999;42399
18.11.2014;36420;35312;35609;42509;46599;45855;42409
19.11.2014;36600;34610;35617;42409;46600;45367;42661
20.11.2014;37200;34815;36083;42409;46249;44167;43051
21.11.2014;38590;35061;36182;42403;46249;43667;43049
24.11.2014;38450;36436;0;42403;45667;43667;43506
25.11.2014;39100;35010;37682;42110;44899;43367;43549
26.11.2014;39185;35024;37883;40782;43099;42667;40952
27.11.2014;39527;35010;38082;40282;42599;41167;41047
28.11.2014;39527;34610;38109;40282;42299;40167;41137
01.12.2014;39042;34610;0;39282;41967;39567;39937
02.12.2014;39190;34812;37682;40109;42067;40120;39937
03.12.2014;39140;35210;37482;40109;43149;40267;38937
04.12.2014;39040;35310;36282;40109;43474;40271;38937
05.12.2014;39140;35510;36282;39782;43649;40325;41949
08.12.2014;39140;35310;35982;39482;43899;39667;41949
09.12.2014;39190;35314;35782;39282;44149;39267;38937
10.12.2014;39040;35210;35782;39282;43637;39267;39899
11.12.2014;39140;35410;35782;39482;43740;39272;38399
12.12.2014;39065;35510;35982;40384;44149;40270;38399
15.12.2014;38515;35810;35983;38609;42399;39568;38499
16.12.2014;37965;35910;35882;38503;41999;39355;38699
17.12.2014;37565;35714;35932;37703;41399;38855;38137
18.12.2014;37065;35710;35982;37309;40599;38367;38900
19.12.2014;37065;35810;35982;36703;40299;38399;38399
22.12.2014;37065;36026;0;36703;39967;38367;37737
23.12.2014;37065;36411;0;36703;40299;39567;39000
24.12.2014;37065;35910;0;37703;40518;40078;39149
25.12.2014;37168;35614;0;38784;40667;40317;39550
26.12.2014;37168;35610;0;38521;40787;40367;39899
12.01.2015;37140;35710;0;38509;41199;40799;38899
13.01.2015;37140;35994;35994;39514;41199;40955;38999
14.01.2015;37240;35710;36393;39509;41467;40955;39099
15.01.2015;0;36902;36902;39582;41467;41095;39199
16.01.2015;37140;36310;37672;39582;41455;41255;39299
19.01.2015;36140;35811;0;38310;41499;39399;39299
20.01.2015;36140;36010;0;38310;40399;39099;38499
21.01.2015;36240;36121;37282;37603;40399;38399;38499
22.01.2015;35590;35810;36782;37603;39499;37499;37399
23.01.2015;35150;36110;36782;38109;39499;37499;37399
26.01.2015;34750;36410;0;37923;39967;38055;37399
27.01.2015;34185;35109;0;37203;40036;38699;37600
28.01.2015;33900;35109;0;37203;39799;37899;37699
29.01.2015;34040;34709;37282;37003;39699;37899;37499
30.01.2015;33350;34309;0;36603;39667;37167;37499
02.02.2015;33105;34610;0;36303;37967;36499;36399
03.02.2015;32575;34526;0;36303;37967;36599;36399
04.02.2015;32050;35910;0;36303;38455;37299;36399
05.02.2015;32050;37210;0;36303;38167;37655;36599
06.02.2015;32150;36810;0;36303;38067;37199;37099
09.02.2015;32450;36810;0;36304;37967;37555;37499
10.02.2015;32050;37110;0;36633;37967;37599;37499
11.02.2015;31750;34660;0;36653;37867;37667;37637
12.02.2015;31275;35909;0;36653;37867;37899;37337
13.02.2015;31275;36109;0;36903;38267;37699;36899
16.02.2015;30952;36413;0;36903;38267;37667;36399
17.02.2015;30650;36769;0;36903;38267;37667;36899
18.02.2015;30550;37025;0;37254;38271;37899;36899
19.02.2015;30600;37469;0;37253;38282;38400;36899
20.02.2015;30950;38699;0;37703;38667;39167;37137
24.02.2015;31852;38709;0;37703;39367;39167;37699
25.02.2015;32150;38709;0;38003;40292;40028;37699
26.02.2015;35651;37855;40283;40642;40317;40117;38197
27.02.2015;36050;40013;41183;41276;42155;41767;38899
02.03.2015;36365;40303;42157;42059;41899;41767;38899
03.03.2015;36550;40668;42582;41853;42199;41467;38999
04.03.2015;38541;41029;42793;41853;42399;41665;39199
05.03.2015;37733;40303;42792;42610;41567;41167;37899
06.03.2015;37627;40303;42832;42403;40967;40367;38399
10.03.2015;37757;40503;0;42510;40817;40677;38399
11.03.2015;37850;40503;0;42510;40767;40677;38399
12.03.2015;37700;40509;42832;42510;41067;40877;38099
13.03.2015;37550;40718;42832;42910;41067;40467;38099
16.03.2015;37550;40859;42832;41809;41067;40467;37399
17.03.2015;37450;41234;42832;42310;40567;39667;37699
18.03.2015;36951;40109;0;41910;40567;38467;37699
19.03.2015;36950;40109;0;42110;39767;38467;37699
20.03.2015;36650;40009;0;42210;40167;38988;37699
23.03.2015;36300;40009;0;41410;40367;39467;37699
24.03.2015;35950;40430;0;41810;40377;39787;37699
25.03.2015;35950;40559;0;42110;38377;38969;37699
26.03.2015;36300;40569;0;42210;40377;39185;37699
27.03.2015;36400;40109;0;42210;41455;39467;37799
30.03.2015;36975;40109;0;42510;40417;39847;37899
31.03.2015;37200;40110;0;42710;40667;40199;37899
01.04.2015;37300;40118;0;0;40918;40347;38399
02.04.2015;35900;40159;0;0;41987;40717;38699
03.04.2015;34950;40209;0;0;42417;40817;38899
06.04.2015;35315;40109;0;0;41499;40837;38937
07.04.2015;35315;40009;0;0;41849;40455;39199
08.04.2015;35350;40009;0;0;41867;40467;39299
09.04.2015;35650;40660;0;0;41667;40237;38699
10.04.2015;35750;41016;0;0;41399;40237;37999
13.04.2015;35150;41084;0;0;41167;40237;37999
14.04.2015;34450;40782;0;0;41169;40367;37999
15.04.2015;33750;40309;0;0;41167;40117;37999
16.04.2015;34045;39909;0;0;40367;39467;37999
17.04.2015;34200;39109;0;0;39667;38667;37999
20.04.2015;35450;39109;0;0;39655;38737;37999
21.04.2015;36057;38609;0;0;39755;38737;37199
22.04.2015;36227;38109;0;0;39755;38667;37199
23.04.2015;36730;38739;0;0;39805;38807;37299
24.04.2015;35950;38159;0;0;40167;39522;37737
27.04.2015;34450;38159;0;0;39967;39537;38299
28.04.2015;33451;38180;0;40382;40655;39544;37737
29.04.2015;33450;38009;0;40382;40167;39898;37737
30.04.2015;33501;38009;0;0;40855;39537;38699
05.05.2015;34100;38782;0;0;41299;39537;37737
06.05.2015;34496;38079;0;0;41299;39557;37827
07.05.2015;34810;38439;0;0;41099;39637;37827
08.05.2015;34295;38509;0;0;41099;39737;37827
12.05.2015;33905;38209;0;0;41255;39237;37737
13.05.2015;33955;38209;0;0;41255;39497;37737
14.05.2015;34306;38259;0;0;41355;39868;37737
15.05.2015;34965;38304;0;0;41706;40572;37737
18.05.2015;35120;38609;0;0;41905;40837;37737
19.05.2015;34750;38609;0;0;42299;40837;37737
20.05.2015;34750;38609;0;0;42799;40837;39399
21.05.2015;34800;38609;0;0;42737;41037;37737
22.05.2015;35050;38659;0;0;42737;41037;39499
25.05.2015;35000;38659;0;0;42737;41037;37737
26.05.2015;34100;38709;0;0;42999;41268;39599
27.05.2015;34650;38850;0;0;42999;41822;37737
28.05.2015;34770;39264;0;0;43699;41977;37737
29.05.2015;34515;39274;0;0;43667;41997;37837
01.06.2015;34515;39274;0;0;43955;42237;40199
02.06.2015;34750;39319;0;0;44355;42938;38037
03.06.2015;35250;39319;0;0;45087;43577;38037
04.06.2015;35964;39319;0;0;45237;44267;38037
05.06.2015;36000;39309;0;0;45292;44087;38037
08.06.2015;36150;39309;0;0;45342;43337;41399
09.06.2015;36331;39309;0;0;45067;42737;37837
10.06.2015;36331;39309;0;0;45843;42737;41699
11.06.2015;36337;39320;0;0;46158;43087;37837
15.06.2015;36650;39369;0;0;46878;43437;37837
16.06.2015;36749;39459;0;0;45843;43637;37837
17.06.2015;36749;39509;0;0;47772;43688;37837
18.06.2015;36527;39534;0;0;46478;44410;37987
19.06.2015;36527;39809;0;0;49061;45587;42999
22.06.2015;36627;39829;0;0;46737;45637;38137
23.06.2015;36777;39859;0;0;47237;45037;38237
24.06.2015;36977;39868;0;0;47242;45157;38737
25.06.2015;36978;40109;0;0;47247;46237;39247
26.06.2015;37132;39914;0;0;47337;46337;39237
29.06.2015;37132;39909;0;0;47457;46607;43399
30.06.2015;37140;39909;0;0;47697;47237;38837
01.07.2015;37177;39909;0;0;48237;47657;39037
02.07.2015;38133;40165;0;0;48240;47637;39237
03.07.2015;38487;40803;0;0;48738;48438;39837
06.07.2015;38631;40903;0;0;48937;48087;40237
07.07.2015;38758;41003;0;0;49002;47737;40737
08.07.2015;39827;41053;0;0;50567;47747;41237
09.07.2015;39827;41053;0;0;50467;47837;41337
10.07.2015;39827;41153;0;0;48937;47837;41537
13.07.2015;38640;41153;0;0;48437;47537;41737
14.07.2015;39927;40759;0;0;48437;47537;41937
15.07.2015;39957;40809;0;0;48537;47637;42237
16.07.2015;40027;40809;0;0;48737;47937;42237
17.07.2015;40028;40809;0;0;48898;48257;43999
20.07.2015;40028;40809;0;0;48897;48339;41937
21.07.2015;39000;40859;0;0;49087;48637;43599
22.07.2015;37827;40503;0;0;49487;48642;41837
23.07.2015;37925;40409;0;0;49487;48637;41937
24.07.2015;37925;40309;0;0;49987;49137;42037
27.07.2015;38300;40309;0;0;49937;48637;42237
28.07.2015;38727;40309;0;0;49987;48657;42248
29.07.2015;39127;40309;0;0;49987;48637;42637
30.07.2015;39127;40309;0;0;49487;47937;42718
31.07.2015;39127;40309;0;0;49237;48107;42648
03.08.2015;38127;40679;0;0;49237;48137;42737
04.08.2015;38127;41410;0;0;49237;48137;42837
05.08.2015;38527;41209;0;0;49337;48137;43239
06.08.2015;38907;41209;0;0;49758;49057;43337
07.08.2015;39527;41509;0;0;49737;49072;43437
10.08.2015;39127;41609;0;0;49787;49072;45199
11.08.2015;39127;41203;0;0;50537;49072;45199
12.08.2015;39177;40903;0;0;50537;49072;43737
13.08.2015;39177;40609;0;0;50537;49072;45399
14.08.2015;39377;40614;0;0;50537;49074;45399
17.08.2015;39432;40409;0;0;50237;49078;45499
18.08.2015;39477;40459;0;0;50667;49367;45499
19.08.2015;39527;40476;0;0;50899;49537;45499
20.08.2015;39527;40109;0;0;50237;49087;42237
21.08.2015;39527;40109;0;0;50587;49137;45599
24.08.2015;39527;40009;0;0;50899;49137;42237
25.08.2015;39532;40009;0;0;50587;49137;45399
26.08.2015;39532;40009;0;0;50587;49137;44699
27.08.2015;39532;40559;0;0;51167;49238;44799
28.08.2015;38577;40009;0;0;50667;49487;45099
31.08.2015;38127;40009;0;0;50587;49488;44799
01.09.2015;38127;39709;0;0;50637;49499;45099
02.09.2015;38977;39709;0;0;51117;49599;44899
03.09.2015;39577;39759;0;0;50837;49599;45199
04.09.2015;39127;39759;0;0;51217;49767;45299
07.09.2015;39127;39859;0;0;51477;49737;45299
08.09.2015;39639;39709;0;0;50999;49699;43499
09.09.2015;38727;39809;0;0;50067;49667;43499
10.09.2015;38727;39809;0;0;50067;49355;43499
11.09.2015;38777;39959;0;0;49799;48699;43549
14.09.2015;38827;40059;0;0;49899;48799;43537
15.09.2015;39077;40159;0;0;49999;48767;43899
16.09.2015;39978;40459;0;0;50049;48755;43999
17.09.2015;39527;41114;40609;46210;49799;48599;43999
18.09.2015;39477;40910;40809;0;49600;48499;43999
21.09.2015;39477;40003;40859;0;49199;48399;43899
22.09.2015;39477;40510;40964;42053;48399;0;43899
23.09.2015;39482;40109;41044;42009;48399;0;43899
24.09.2015;39482;40403;41609;45003;48599;0;43999
25.09.2015;40027;40403;42069;45153;48399;0;43738
28.09.2015;40201;40403;42059;45753;47699;0;44299
29.09.2015;40201;40710;41409;45303;47367;0;44599
30.09.2015;40128;40910;40759;45303;47367;0;44699
01.10.2015;40128;40910;40109;45309;47567;0;43737
02.10.2015;40629;41010;40109;45853;47567;0;44699
05.10.2015;40527;41310;40109;45853;47467;0;43937
06.10.2015;40927;41410;40609;45873;47718;0;44699
07.10.2015;41700;41510;41214;46408;47869;0;43937
08.10.2015;41500;41510;41309;48010;47437;0;44199
09.10.2015;41651;41810;41509;47003;47437;0;44099
12.10.2015;41951;41910;41809;46174;47237;0;43699
13.10.2015;41750;41610;41859;47410;47237;0;43499
14.10.2015;41955;41410;41409;45103;47242;0;43499
15.10.2015;42450;41010;40709;44703;47637;0;43599
16.10.2015;41925;41010;40709;44703;47737;0;44099
19.10.2015;41650;40710;40759;44903;47737;0;44199
20.10.2015;41827;40510;40949;44909;47737;0;44199
21.10.2015;41650;40710;40409;44703;47747;0;43637
22.10.2015;41400;40510;39909;44703;46799;0;43637
23.10.2015;41627;40610;38909;44953;46855;0;43899
26.10.2015;41627;40310;37909;44703;46555;0;0
27.10.2015;41540;39810;37909;44703;45855;0;41399
28.10.2015;41640;38810;37909;44753;45667;0;41199
29.10.2015;41440;39010;37609;44853;45674;0;41399
30.10.2015;41640;39110;37709;44884;45877;0;41399
02.11.2015;41650;0;38059;46559;45799;0;41399
03.11.2015;41040;0;38293;45354;44967;0;41699
05.11.2015;41040;39300;38109;45603;45067;0;41699
06.11.2015;41140;38610;38109;45553;45599;0;41699
09.11.2015;41140;38710;38009;45553;45705;0;42099
10.11.2015;40915;38810;38009;45593;45717;0;42199
11.11.2015;40365;38810;38909;45753;46155;0;41937
12.11.2015;40615;38910;39260;45860;45656;0;41937
13.11.2015;40615;38910;0;45862;45655;0;41730
16.11.2015;41140;39010;0;45878;45655;0;41399
17.11.2015;41340;38710;0;45943;45656;0;41199
18.11.2015;41392;38310;0;46123;45855;0;41537
19.11.2015;40485;37810;0;45803;45467;0;39799
20.11.2015;40485;37510;0;45803;45467;0;39799
23.11.2015;40450;36610;0;45703;45467;0;39799
24.11.2015;40740;36810;0;45303;45467;0;39799
25.11.2015;40950;36910;0;45303;45672;0;39799
26.11.2015;41040;38110;0;45203;45667;0;40199
27.11.2015;40791;37610;0;45203;45918;0;40499
30.11.2015;40841;37010;0;45003;45699;0;39899
01.12.2015;40550;36910;0;45103;45899;0;39537
02.12.2015;40775;36910;0;45109;45667;0;40699
03.12.2015;40700;37210;0;43909;46018;0;40099
04.12.2015;40700;37510;0;43009;46018;0;39037
07.12.2015;40450;37610;0;42409;45899;0;38799
08.12.2015;40450;37910;0;42409;45399;0;37999
09.12.2015;40250;37610;0;42409;44667;0;37164
10.12.2015;40540;37210;0;42659;44167;0;37199
11.12.2015;40540;37260;0;42609;43399;0;37299
14.12.2015;40040;37010;0;41809;42167;0;36737
15.12.2015;39950;36910;0;40909;40567;0;37509
16.12.2015;39240;36510;0;40803;40267;0;36699
17.12.2015;38640;36510;0;40709;39167;0;34737
18.12.2015;38146;37210;0;40109;39067;0;34737
21.12.2015;38290;37310;0;39709;38967;0;34737
22.12.2015;38740;37210;0;39509;39669;0;34737
23.12.2015;38740;36911;0;38109;39667;0;34737
24.12.2015;38742;37010;0;38109;39599;0;37599
25.12.2015;38450;37110;0;38109;39667;0;34537
11.01.2016;38040;36410;0;37609;39667;0;34537
12.01.2016;38440;36510;0;37409;38999;0;34537
13.01.2016;38440;37110;35782;37109;39199;0;34337
14.01.2016;37640;36810;35682;36909;39267;0;34337
15.01.2016;37240;36310;35682;36709;39267;0;34137
18.01.2016;36541;36112;35582;36609;39267;0;33937
19.01.2016;36040;36110;35282;36639;39837;0;33837
20.01.2016;35840;36110;35282;36659;39837;0;33837
21.01.2016;36140;36310;35282;36739;39843;0;33837
22.01.2016;36290;36410;35293;36509;40399;0;33841
25.01.2016;36340;36010;35382;36509;40399;0;34217
26.01.2016;36440;35910;35392;36509;40699;0;34309
27.01.2016;36227;36110;0;36509;40667;0;34387
28.01.2016;35277;36510;35782;36509;41272;0;34537
29.01.2016;34352;36310;0;36509;41509;0;34994
01.02.2016;34352;36510;0;36509;41509;0;35037
02.02.2016;34537;36610;0;36509;41599;0;35237
03.02.2016;34050;37110;0;36559;41717;0;35548
04.02.2016;34250;37710;0;36609;41738;0;0
05.02.2016;34150;37910;0;38610;41937;0;37599
08.02.2016;33750;37910;0;38610;42047;0;36547
09.02.2016;33200;38810;0;38810;43099;0;37342
10.02.2016;33350;38410;0;36803;42337;0;0
11.02.2016;33150;38321;0;36703;42372;0;36237
12.02.2016;32450;38310;35909;36703;42357;0;36292
15.02.2016;32450;38410;35909;36912;42517;0;36287
16.02.2016;32450;38610;35929;37013;42528;0;36287
17.02.2016;32050;38910;36859;37903;42987;0;36318
18.02.2016;32053;39160;36969;37909;43032;0;36344
19.02.2016;32500;38313;37469;37909;43947;0;36344
20.02.2016;32600;39210;37609;38614;43947;0;36387
24.02.2016;33100;39210;37109;38603;44260;0;36412
25.02.2016;33550;37703;37174;38603;44987;0;36412
26.02.2016;33550;37860;37109;38410;44987;0;36412
29.02.2016;33961;38003;37109;38610;44987;0;36412
01.03.2016;34450;37703;37009;38610;44988;0;36803
02.03.2016;34450;37703;37109;38983;45135;0;37337
03.03.2016;35127;37703;37309;39810;44987;0;37337
04.03.2016;35127;37953;38209;39410;45137;0;37437
09.03.2016;33675;38203;37709;38614;45137;0;37437
10.03.2016;33150;38748;38189;39210;47499;0;37437
11.03.2016;32975;39510;38659;38614;44937;0;37437
14.03.2016;33175;39910;38982;38614;44937;0;37437
15.03.2016;33800;40003;39082;39315;45137;0;37837
16.03.2016;33375;39503;39142;39315;45588;0;38137
17.03.2016;32650;39203;38709;39810;45907;0;38889
18.03.2016;32650;39203;38709;38609;46107;0;38947
21.03.2016;32100;39243;38709;0;46107;0;39038
22.03.2016;32100;38709;0;0;46107;0;43620
23.03.2016;32700;38920;0;0;46107;0;43689
24.03.2016;32955;38920;0;0;46107;0;43601
25.03.2016;32450;38939;0;0;46999;0;43132
28.03.2016;32450;39014;0;0;46112;0;44700
29.03.2016;32550;39760;0;0;46757;0;43220
30.03.2016;32350;39909;0;0;46112;0;43899
31.03.2016;31950;40164;0;0;47267;0;44909
01.04.2016;32050;39409;0;0;47007;0;45599
04.04.2016;31900;39409;0;0;47270;0;45599
05.04.2016;31300;39409;0;0;47037;0;45599
06.04.2016;31703;40410;0;0;47098;0;44290
07.04.2016;32050;40609;0;0;47098;0;44289
08.04.2016;32150;40009;0;0;47100;0;44399
11.04.2016;32350;40009;0;0;48097;0;44400
12.04.2016;31550;39610;0;0;47239;0;44499
13.04.2016;30650;39410;0;0;47239;0;44499
14.04.2016;30650;39410;0;0;47259;0;44799
15.04.2016;30756;39511;0;0;47607;0;44901
18.04.2016;30450;39282;0;0;47642;0;44929
19.04.2016;29950;38882;0;0;47599;0;45099
20.04.2016;29900;38882;0;40782;47699;0;44409
21.04.2016;29700;39037;0;0;47555;0;44399
22.04.2016;29750;39210;0;40782;47555;0;44399
25.04.2016;29700;39009;0;0;47167;0;44599
26.04.2016;29850;39009;0;0;47167;0;44999
27.04.2016;29450;39209;0;0;47037;0;45099
28.04.2016;29450;39309;0;0;47037;0;45799
29.04.2016;29750;39910;0;0;47037;0;45799
04.05.2016;33540;39920;0;0;47338;0;44899
05.05.2016;30450;40010;0;0;47338;0;44999
06.05.2016;30450;40010;0;0;47338;0;44920
10.05.2016;30450;39910;0;0;47342;0;45199
11.05.2016;30450;39910;0;0;47237;0;44899
12.05.2016;30775;40221;0;0;46937;0;44699
13.05.2016;31000;40425;0;0;46937;0;44209
16.05.2016;31000;40316;0;0;46938;0;44209
17.05.2016;31250;40410;0;0;47237;0;43899
18.05.2016;30950;39812;0;40882;47362;0;42399
19.05.2016;30450;39918;0;0;47362;0;42499
20.05.2016;30050;40310;0;40882;47362;0;42737
23.05.2016;30250;39916;0;0;47362;0;42399
24.05.2016;30500;40214;0;0;47162;0;42600
25.05.2016;30600;40510;0;0;47182;0;42899
26.05.2016;30450;40810;0;41582;47737;0;42999
27.05.2016;30450;40710;0;0;47737;0;42737
30.05.2016;30550;40810;0;0;47867;0;42999
31.05.2016;30800;41017;0;0;47867;0;42737
01.06.2016;31100;41584;0;0;47957;0;43537
02.06.2016;31450;41869;0;0;47969;0;44047
03.06.2016;31650;41914;0;0;48367;0;44047
06.06.2016;33460;42410;0;0;48453;0;43937
07.06.2016;34428;42411;0;0;48556;0;43837
08.06.2016;35548;42010;0;0;48560;0;45572
09.06.2016;34750;41982;0;0;48906;0;43837
10.06.2016;34150;41784;0;0;48337;0;46900
14.06.2016;34250;41382;0;0;48137;0;43857
15.06.2016;34550;40909;0;0;48137;0;46700
16.06.2016;34150;40309;0;0;48857;0;44087
17.06.2016;34150;39782;0;0;49102;0;46799
20.06.2016;34455;40409;0;0;49102;0;46899
21.06.2016;34750;40509;0;0;49102;0;47700
22.06.2016;34850;40309;0;42382;49102;0;47901
23.06.2016;34550;40109;0;0;49102;0;48000
24.06.2016;34300;39909;0;0;49147;0;47901
27.06.2016;34050;39909;0;42382;49147;0;47294
28.06.2016;34133;39909;0;0;49472;0;47400
29.06.2016;34375;40059;0;0;48837;0;47399
30.06.2016;35050;40199;0;42383;48837;0;48000
01.07.2016;35600;40220;0;0;48537;0;47999
04.07.2016;36053;40225;0;42393;48687;0;47999
05.07.2016;36450;39617;0;0;49047;0;47999
06.07.2016;36675;39709;0;0;49047;0;48099
07.07.2016;36727;40209;0;0;49037;0;48099
08.07.2016;36950;40409;0;0;48037;0;48099
11.07.2016;36927;40809;0;0;48347;0;48099
12.07.2016;37182;40409;0;0;48741;0;48099
13.07.2016;36800;40409;0;42592;48746;0;48099
14.07.2016;36450;40409;0;0;48746;0;48099
15.07.2016;36050;40585;0;0;48948;0;47400
18.07.2016;35850;40720;0;0;48948;0;47399
19.07.2016;34150;40409;0;0;48948;0;47099
20.07.2016;34200;39909;0;0;48948;0;46599
21.07.2016;34450;39909;0;0;48948;0;46599
22.07.2016;34450;39709;0;0;49542;0;45799
25.07.2016;33750;39816;0;0;49542;0;46009
26.07.2016;32950;39959;0;0;49542;0;46099
27.07.2016;32450;39859;0;0;49543;0;41737
28.07.2016;32150;39609;0;0;49543;0;42018
29.07.2016;32375;39609;0;0;49543;0;42018
01.08.2016;32975;39409;0;0;49543;0;42018
02.08.2016;33250;39409;0;0;49543;0;42018
03.08.2016;32950;38959;0;0;49437;0;42018
04.08.2016;32650;38359;0;0;49167;0;41837
05.08.2016;32700;38109;0;0;48667;0;46299
08.08.2016;31550;38109;0;0;48667;0;46299
09.08.2016;31250;37982;0;0;48667;0;45699
10.08.2016;30900;37109;0;0;47355;0;45699
11.08.2016;30000;37309;0;0;46955;0;45399
12.08.2016;29950;37310;0;0;46967;0;45399
15.08.2016;30127;37619;0;0;46967;0;39837
16.08.2016;30127;38464;0;0;47317;0;39837
17.08.2016;30227;38109;0;0;47967;0;39837
18.08.2016;30633;38559;0;0;48729;0;45799
19.08.2016;31127;38860;0;0;48732;0;39737
22.08.2016;31627;38910;0;0;48167;0;39737
23.08.2016;31627;38809;0;0;48440;0;45799
24.08.2016;31827;38509;0;0;48237;0;45999
25.08.2016;32227;38159;0;0;48087;0;45999
26.08.2016;32627;38109;0;0;47737;0;45999
29.08.2016;32877;38109;0;0;47737;0;45999
30.08.2016;32600;37609;0;0;47838;0;46199
01.09.2016;32877;37409;0;0;47337;0;45799
02.09.2016;32930;37409;0;0;47337;0;44899
05.09.2016;33878;37412;0;0;47337;0;39737
06.09.2016;34907;37609;0;0;47237;0;45699
07.09.2016;35837;37759;0;0;47037;0;45099
08.09.2016;36787;37764;0;0;47037;0;45099
09.09.2016;36950;38009;0;0;47037;0;45099
12.09.2016;36850;37909;0;0;47037;0;39737
13.09.2016;35650;37909;0;0;46738;0;45301
14.09.2016;35450;38009;40282;0;46037;0;44999
15.09.2016;35700;38009;40382;0;46037;0;44999
16.09.2016;36227;38009;40282;0;46037;0;44599
19.09.2016;35327;37609;40082;0;46037;0;44599
20.09.2016;35837;37209;39982;42703;46037;0;44799
21.09.2016;36148;36609;39882;42854;46037;0;44799
22.09.2016;36127;36109;39782;42109;46037;0;44999
23.09.2016;36127;38503;37609;43714;46108;0;44999
26.09.2016;35877;38503;37740;42114;46367;0;44999
27.09.2016;35927;38203;37759;42459;46599;0;44999
28.09.2016;35927;38408;37609;42717;46799;0;44999
29.09.2016;35927;38418;37109;43265;46800;0;44999
30.09.2016;34977;38508;35909;43310;46599;0;44999
03.10.2016;34977;38208;36129;43310;46599;0;40417
04.10.2016;35358;39010;36129;43859;46999;0;44999
05.10.2016;37977;39110;36129;43103;46899;0;44999
06.10.2016;37627;38810;36530;43103;46899;0;44999
07.10.2016;37627;39010;37131;43109;46899;0;44199
10.10.2016;37877;39010;37721;43109;46699;0;44199
11.10.2016;37952;39010;36998;43109;46399;0;44199
12.10.2016;39391;39210;37909;43109;46699;0;43399
13.10.2016;39627;39210;38109;42609;47012;0;43499
14.10.2016;38627;39210;37109;42110;46599;0;43499
17.10.2016;37977;39310;37109;41609;46355;0;43499
18.10.2016;37727;39110;37309;41609;46361;0;43599
19.10.2016;37827;39110;37353;41609;46376;0;43724
20.10.2016;37983;39110;37914;41609;46655;0;40988
21.10.2016;38810;39210;37944;41609;46662;0;44299
24.10.2016;38827;39610;38012;41609;46663;0;44299
25.10.2016;39229;39610;37859;41710;46665;0;44299
26.10.2016;38727;39610;37859;42274;47599;0;44299
27.10.2016;38727;39610;37859;42329;47599;0;44299
28.10.2016;38927;39610;37859;42703;47399;0;44699
31.10.2016;39437;39710;37859;42703;47399;0;44699
01.11.2016;40237;39910;37859;43209;47786;0;44699
02.11.2016;39502;39410;38837;43503;47987;0;44699
03.11.2016;39502;39410;37109;43109;47799;0;44799
07.11.2016;39527;39710;37109;43259;47799;0;44799
08.11.2016;39527;39510;37109;43260;47999;0;44799
09.11.2016;39527;39110;38808;43263;48197;0;44841
10.11.2016;39629;38910;37109;43009;47899;0;44839
11.11.2016;40227;38710;37109;42609;47287;0;44839
14.11.2016;40327;38710;37129;42884;47287;0;44839
15.11.2016;40377;38910;37109;42920;47392;0;44399
16.11.2016;40177;38511;37109;42309;47399;0;44399
17.11.2016;40177;37810;38782;42109;47399;0;44199
18.11.2016;40277;37310;38782;42109;47399;0;44299
21.11.2016;40377;37410;38782;42109;47577;0;44299
22.11.2016;40727;37910;38782;42109;47904;0;44299
23.11.2016;41527;37620;38782;41609;47917;0;41737
24.11.2016;41777;37910;38782;41612;47968;0;44299
25.11.2016;41782;37710;38782;41109;47972;0;44299
28.11.2016;41782;37714;38962;41109;47972;0;44299
29.11.2016;41837;37510;39782;41209;48249;0;44299
30.11.2016;41527;37810;39782;41209;48399;0;44299
01.12.2016;41528;37911;39882;41809;48367;0;41737
02.12.2016;41727;38011;39883;42319;48367;0;44900
05.12.2016;42000;38310;40162;42335;48367;0;0
06.12.2016;41727;38810;40782;42335;48167;0;0
07.12.2016;41727;38320;39782;42335;48099;0;0
08.12.2016;41827;38211;38782;42409;47567;0;44899
09.12.2016;41827;38210;38582;42203;47167;0;41237
12.12.2016;41327;38310;38782;41403;47167;0;0
13.12.2016;41127;38310;39282;41503;47267;0;0
14.12.2016;41127;38710;39282;41403;47768;0;44899
15.12.2016;41127;38810;39405;41203;47799;0;0
16.12.2016;41134;38810;0;41203;47402;0;0
19.12.2016;41134;38830;0;41326;47972;0;0
20.12.2016;41950;38860;0;41554;47855;0;45499
21.12.2016;41050;39310;0;41929;47699;0;0
22.12.2016;41450;39310;0;42008;47567;0;41238
23.12.2016;42405;39310;0;42073;47655;0;0
26.12.2016;42566;39510;0;42453;47655;0;45599
27.12.2016;41950;40310;0;42730;47715;0;0
09.01.2017;41227;40210;39482;41703;47715;0;41238
10.01.2017;41227;40310;40832;41203;47836;0;45606
11.01.2017;41277;40710;41009;41303;48267;0;41238
12.01.2017;41327;41410;41089;41353;48388;0;46199
13.01.2017;41027;41560;0;41413;48487;0;41238
16.01.2017;41027;41560;0;41413;48537;0;41288
17.01.2017;40627;41710;0;41453;48487;0;46799
18.01.2017;40327;42310;41597;41554;48399;0;46799
19.01.2017;39927;42310;41600;41563;48199;0;46799
20.01.2017;39427;42311;42188;41573;48099;0;41537
23.01.2017;38627;42310;42323;41703;48099;0;46799
24.01.2017;38727;42510;42600;41203;47999;0;46799
25.01.2017;39093;42310;42639;41404;47999;0;46799
26.01.2017;38327;42310;42639;41684;47799;0;46799
27.01.2017;37927;42410;42639;41704;47599;0;45799
30.01.2017;37527;42410;42743;41503;47599;0;45799
31.01.2017;36752;42512;42743;41603;47599;0;45799
01.02.2017;36752;42810;42582;41873;47599;0;44699
02.02.2017;36752;42710;42582;41890;47720;0;44699
03.02.2017;36802;42710;42692;41893;47699;0;44699
06.02.2017;36827;42823;42835;41803;47999;0;44699
07.02.2017;36727;42910;42982;41803;48067;0;44699
08.02.2017;36627;42910;42982;41803;48217;0;44699
09.02.2017;36527;42910;42982;41303;48067;0;41537
10.02.2017;36527;43010;42982;40853;47999;0;40937
13.02.2017;36527;43110;42982;40709;47899;0;40737
14.02.2017;37450;42911;0;41309;47899;47229;44999
15.02.2017;35927;42811;42982;41053;47667;0;44999
16.02.2017;34950;42311;42782;40809;47567;0;44099
17.02.2017;34250;42210;41882;40809;47199;0;43899
20.02.2017;33425;41910;41782;40809;47399;0;40237
21.02.2017;33027;42010;41782;41074;47499;0;43599
22.02.2017;32927;42510;42013;41319;47764;0;43599
27.02.2017;33177;42710;42082;41590;47777;0;39737
28.02.2017;33177;42710;42082;41790;47899;0;43601
01.03.2017;33177;40609;42362;42204;47999;0;43799
02.03.2017;32950;41259;42937;42354;47901;0;39237
03.03.2017;32450;41009;42782;42304;47899;0;39237
06.03.2017;32677;41009;42782;42304;47799;0;43899
07.03.2017;32677;41009;42782;41203;47699;0;43899
09.03.2017;32677;41009;42952;41603;47099;0;37937
10.03.2017;32202;41009;44083;42253;47199;0;37737
13.03.2017;31927;41009;44132;41603;47467;45655;37537
14.03.2017;31927;41009;44132;41804;47467;45655;37237
15.03.2017;32017;41059;44182;42353;46867;45655;37037
16.03.2017;31927;41059;42362;42353;46867;45167;36837
17.03.2017;31677;40109;42362;42603;46167;45167;36837
20.03.2017;31627;40137;0;0;46167;45430;36837
21.03.2017;31427;40309;0;0;46387;45457;43299
22.03.2017;31427;41061;0;0;46567;45655;43499
23.03.2017;31627;41209;0;0;46598;45655;43599
24.03.2017;31927;41359;0;43782;46668;46012;44000
27.03.2017;31927;41359;0;0;46717;46186;43999
28.03.2017;32027;41811;0;0;47188;46465;43999
29.03.2017;33029;41859;0;0;47320;46742;44099
30.03.2017;33427;41609;0;0;47519;46455;44099
31.03.2017;33427;41309;0;0;47337;45855;44099
03.04.2017;33427;41309;0;43782;47237;46055;44000
05.04.2017;32727;41520;0;43432;46667;46055;43799
06.04.2017;32177;41699;0;43432;46167;45937;43799
07.04.2017;31927;41559;0;43432;46168;45767;43899
10.04.2017;32127;41559;0;43488;46249;45737;43911
11.04.2017;32127;41609;0;43989;46251;45737;37188
12.04.2017;32127;41959;0;44374;46637;45737;44299
13.04.2017;32227;42509;0;44537;46437;45737;44899
14.04.2017;32577;42904;0;44567;46437;45537;44899
17.04.2017;35250;43260;0;44567;46237;45537;38447
18.04.2017;36050;43460;0;45033;46237;45537;38447
19.04.2017;34627;43809;0;45288;46037;45237;39052
20.04.2017;36800;44205;0;0;45737;45237;44999
21.04.2017;35627;44213;0;0;45737;45237;44999
24.04.2017;35627;44393;0;0;45758;45344;44999
25.04.2017;33632;44514;0;0;47188;46114;39038
26.04.2017;35627;45013;0;0;48137;47618;38887
27.04.2017;38350;45103;0;0;47237;46287;44799
28.04.2017;38800;45103;0;0;46837;45837;44799
02.05.2017;38550;45306;0;0;46287;45237;45199
03.05.2017;37665;45658;0;0;45987;45237;38337
04.05.2017;38550;46204;0;0;45987;45237;38237
05.05.2017;38650;46503;0;0;46037;45292;38237
10.05.2017;39200;46503;0;0;46037;45487;45499
11.05.2017;39300;46508;0;0;46037;45602;37237
12.05.2017;40250;46510;0;0;46138;45653;37247
15.05.2017;40500;46710;0;0;46457;45657;37287
16.05.2017;37727;46810;0;0;46947;45807;45799
17.05.2017;40450;47004;0;0;47072;45887;45899
18.05.2017;40450;47103;0;0;47342;46237;46199
19.05.2017;40340;47010;0;0;47527;46637;46199
22.05.2017;40245;46610;0;0;48117;47339;46399
23.05.2017;39750;46610;0;0;48587;47987;46599
24.05.2017;39050;46810;0;0;49238;48638;46799
25.05.2017;38650;47360;0;0;49637;48887;46999
26.05.2017;38950;47510;0;0;49837;48938;47299
29.05.2017;39676;47310;0;0;49942;49038;47299
30.05.2017;40250;47510;0;0;50042;49187;47399
31.05.2017;40000;47710;0;0;50137;49337;47599
01.06.2017;37727;46310;0;0;50137;48837;42637
02.06.2017;38802;46310;0;0;49937;48937;46999
05.06.2017;39927;45322;0;0;49938;47837;47299
06.06.2017;40277;45510;0;0;49938;47937;47699
07.06.2017;40815;45811;0;0;49337;48217;42837
08.06.2017;40327;46612;0;0;49347;48339;42837
09.06.2017;40428;46310;0;0;49487;48547;42938
13.06.2017;40477;23820;0;0;49667;49187;43188
14.06.2017;41047;46510;0;0;49892;49237;43837
15.06.2017;40477;46512;0;0;50094;49447;43637
16.06.2017;39677;46635;0;0;50174;49447;47619
19.06.2017;39677;46710;0;0;50288;49405;43637
20.06.2017;39177;46559;0;0;50237;49447;48099
21.06.2017;39177;45609;0;0;50262;49409;48199
22.06.2017;39527;44809;0;0;49937;48937;47599
23.06.2017;39577;45009;0;0;49937;48667;47599
26.06.2017;39827;45761;0;0;50088;48672;47599
27.06.2017;40177;46250;0;0;50133;48948;47599
28.06.2017;41482;45982;0;0;50247;48957;47599
29.06.2017;41702;46032;0;0;50437;48966;47599
30.06.2017;41812;46110;0;0;50553;49248;47699
03.07.2017;41812;46110;0;0;51047;49356;47988
04.07.2017;41812;46387;0;0;51393;49857;43637
05.07.2017;41902;46482;0;0;51393;50099;48399
06.07.2017;41927;46610;0;0;51393;49967;45237
07.07.2017;42237;46009;0;0;51489;50299;48399
10.07.2017;42727;46282;0;0;51637;50499;45742
11.07.2017;43077;46282;0;0;51638;50599;48399
12.07.2017;43229;45914;0;0;52137;50699;48399
13.07.2017;44289;44510;0;0;52137;50867;47699
14.07.2017;44240;44510;0;0;52138;50958;47699
17.07.2017;43340;43910;0;0;52188;51250;47699
18.07.2017;43740;43910;0;0;52307;51399;47699
19.07.2017;43952;44610;0;0;52488;51299;47699
20.07.2017;44041;45113;0;0;52538;51299;47701
21.07.2017;43652;44809;0;0;52797;51299;47899
24.07.2017;42877;44782;0;0;52799;50755;47899
25.07.2017;41777;44282;0;0;52599;50558;47899
26.07.2017;41777;44582;0;0;52699;50667;47899
27.07.2017;41782;44710;0;0;50995;50724;47899
28.07.2017;41782;43410;0;0;51065;50299;45752
31.07.2017;41052;44510;0;0;51760;50399;47899
01.08.2017;41052;44609;0;0;51200;50055;47899
02.08.2017;41343;44710;0;0;51099;49999;47899
03.08.2017;42327;44709;0;0;50855;49904;47899
04.08.2017;43182;44709;0;0;50599;49355;48000
07.08.2017;42477;44409;0;0;50199;48655;47899
08.08.2017;42127;44459;0;0;49467;48655;47899
09.08.2017;42540;44209;0;0;49472;48567;47899
10.08.2017;42877;44109;0;0;49569;48567;47999
11.08.2017;43827;43659;0;0;49681;48555;47999
14.08.2017;43877;42782;0;0;49681;48617;47999
15.08.2017;43877;41759;0;0;49687;48617;47699
16.08.2017;44327;41782;0;0;49708;48167;46699
17.08.2017;44532;41709;0;0;49537;48237;46699
18.08.2017;44878;41809;0;0;49437;48237;45752
21.08.2017;45377;41809;0;0;49457;48287;45899
22.08.2017;45490;41509;0;0;49612;48303;45899
23.08.2017;45886;41309;0;0;50043;49557;45899
24.08.2017;45450;41309;0;0;50172;48337;45752
25.08.2017;45450;41409;0;0;50267;48542;46308
28.08.2017;45460;41409;0;0;50274;48587;46799
29.08.2017;45450;41409;0;0;50286;48888;46799
30.08.2017;45450;41409;0;0;50468;48987;46899
31.08.2017;45450;41409;0;0;50468;49137;46999
01.09.2017;45775;41409;0;0;50473;48937;45752
04.09.2017;45940;41409;0;0;50483;48437;45737
05.09.2017;46300;41409;0;0;50973;47937;47299
06.09.2017;47166;41409;0;0;51064;48043;47299
07.09.2017;47255;41409;0;0;51098;48437;44737
08.09.2017;47040;41409;0;0;51158;48557;44737
11.09.2017;47040;40409;0;0;51399;49037;44737
12.09.2017;47040;40409;0;0;51399;49087;47499
13.09.2017;46950;40409;0;0;51399;49627;47699
14.09.2017;46952;40409;0;0;51055;49467;44737
15.09.2017;47115;40434;0;0;51355;49467;43637
18.09.2017;47300;40435;0;0;51405;49472;42737
19.09.2017;47775;40909;0;0;51674;49472;48099
20.09.2017;48541;41009;0;0;51499;49472;48499
21.09.2017;48340;43106;45109;0;51199;49367;48399
22.09.2017;48240;42909;45309;0;51299;49055;48399
25.09.2017;48240;44003;45309;47382;51399;49055;48399
26.09.2017;47240;44454;45309;51299;51555;48767;48099
27.09.2017;46550;44003;45346;50709;51310;48767;48099
28.09.2017;46550;0;45409;0;50855;0;0
29.09.2017;46900;0;45424;0;50855;0;0
02.10.2017;47340;0;44109;0;50880;0;0
03.10.2017;48042;0;45429;0;50880;0;0
04.10.2017;48341;0;0;0;50960;0;0
05.10.2017;48391;0;0;0;51055;0;42737
06.10.2017;48740;0;0;0;50667;0;0
09.10.2017;48991;0;0;0;50667;0;0
10.10.2017;49240;0;0;0;50667;0;0
11.10.2017;49402;0;0;0;50167;0;0
12.10.2017;49475;0;0;0;50167;0;0
13.10.2017;49820;0;0;0;50167;0;0
16.10.2017;49855;0;0;0;49767;0;0
17.10.2017;49540;0;0;0;49767;0;0
18.10.2017;50640;0;0;0;49768;0;43292
19.10.2017;50791;0;0;0;49867;0;0
20.10.2017;50740;0;0;0;49867;0;0
23.10.2017;49555;0;0;0;49867;0;0
24.10.2017;50651;0;0;0;49921;0;0
25.10.2017;50841;0;0;0;49867;0;0
26.10.2017;51240;0;0;0;49868;0;0
27.10.2017;51650;0;0;0;50028;0;43738
30.10.2017;51490;0;0;0;50055;0;0
31.10.2017;0;0;0;0;49867;0;0
01.11.2017;0;0;0;0;49917;0;0
02.11.2017;0;0;0;0;50105;0;0
03.11.2017;0;0;0;0;50266;0;0
00.01.1900;0;0;0;0;0;0;0
00.01.1900;0;0;0;0;0;0;0
00.01.1900;0;0;0;0;0;0;0
00.01.1900;0;0;0;0;0;0;0
00.01.1900;0;0;0;0;0;0;0
00.01.1900;0;0;0;0;0;0;0
00.01.1900;0;0;0;0;0;0;0
00.01.1900;0;0;0;0;0;0;0
00.01.1900;0;0;0;0;0;0;0
00.01.1900;0;0;0;0;0;0;0
00.01.1900;0;0;0;0;0;0;0
00.01.1900;0;0;0;0;0;0;0
00.01.1900;0;0;0;0;0;0;0
00.01.1900;0;0;0;0;0;0;0
00.01.1900;0;0;0;0;0;0;0
00.01.1900;0;0;0;0;0;0;0
00.01.1900;0;0;0;0;0;0;0
00.01.1900;0;0;0;0;0;0;0
00.01.1900;0;0;0;0;0;0;0
00.01.1900;0;0;0;0;0;0;0
00.01.1900;0;0;0;0;0;0;0
00.01.1900;0;0;0;0;0;0;0
00.01.1900;0;0;0;0;0;0;0
00.01.1900;0;0;0;0;0;0;0
00.01.1900;0;0;0;0;0;0;0
00.01.1900;0;0;0;0;0;0;0
00.01.1900;0;0;0;0;0;0;0
00.01.1900;0;0;0;0;0;0;0
00.01.1900;0;0;0;0;0;0;0
00.01.1900;0;0;0;0;0;0;0
00.01.1900;0;0;0;0;0;0;0
00.01.1900;0;0;0;0;0;0;0
00.01.1900;0;0;0;0;0;0;0
00.01.1900;0;0;0;0;0;0;0
00.01.1900;0;0;0;0;0;0;0
00.01.1900;0;0;0;0;0;0;0
00.01.1900;0;0;0;0;0;0;0
00.01.1900;0;0;0;0;0;0;0
00.01.1900;0;0;0;0;0;0;0
00.01.1900;0;0;0;0;0;0;0
00.01.1900;0;0;0;0;0;0;0
00.01.1900;0;0;0;0;0;0;0
00.01.1900;0;0;0;0;0;0;0
00.01.1900;0;0;0;0;0;0;0
00.01.1900;0;0;0;0;0;0;0
00.01.1900;0;0;0;0;0;0;0
00.01.1900;0;0;0;0;0;0;0
00.01.1900;0;0;0;0;0;0;0
00.01.1900;0;0;0;0;0;0;0
00.01.1900;0;0;0;0;0;0;0
00.01.1900;0;0;0;0;0;0;0
00.01.1900;0;0;0;0;0;0;0
00.01.1900;0;0;0;0;0;0;0
00.01.1900;0;0;0;0;0;0;0
00.01.1900;0;0;0;0;0;0;0
00.01.1900;0;0;0;0;0;0;0
00.01.1900;0;0;0;0;0;0;0
00.01.1900;0;0;0;0;0;0;0
00.01.1900;0;0;0;0;0;0;0
00.01.1900;0;0;0;0;0;0;0
00.01.1900;0;0;0;0;0;0;0
00.01.1900;0;0;0;0;0;0;0
00.01.1900;0;0;0;0;0;0;0
00.01.1900;0;0;0;0;0;0;0
00.01.1900;0;0;0;0;0;0;0
00.01.1900;0;0;0;0;0;0;0
00.01.1900;0;0;0;0;0;0;0
00.01.1900;0;0;0;0;0;0;0
00.01.1900;0;0;0;0;0;0;0
00.01.1900;0;0;0;0;0;0;0
00.01.1900;0;0;0;0;0;0;0
00.01.1900;0;0;0;0;0;0;0
00.01.1900;0;0;0;0;0;0;0
00.01.1900;0;0;0;0;0;0;0
00.01.1900;0;0;0;0;0;0;0
00.01.1900;0;0;0;0;0;0;0
00.01.1900;0;0;0;0;0;0;0
00.01.1900;0;0;0;0;0;0;0
00.01.1900;0;0;0;0;0;0;0
00.01.1900;0;0;0;0;0;0;0
00.01.1900;0;0;0;0;0;0;0
00.01.1900;0;0;0;0;0;0;0
00.01.1900;0;0;0;0;0;0;0
00.01.1900;0;0;0;0;0;0;0
00.01.1900;0;0;0;0;0;0;0
00.01.1900;0;0;0;0;0;0;0
00.01.1900;0;0;0;0;0;0;0
00.01.1900;0;0;0;0;0;0;0
00.01.1900;0;0;0;0;0;0;0
00.01.1900;0;0;0;0;0;0;0
00.01.1900;0;0;0;0;0;0;0
00.01.1900;0;0;0;0;0;0;0
00.01.1900;0;0;0;0;0;0;0
00.01.1900;0;0;0;0;0;0;0
00.01.1900;0;0;0;0;0;0;0
00.01.1900;0;0;0;0;0;0;0
00.01.1900;0;0;0;0;0;0;0
